id,name,model_id,group_id/id,operation,domain
access_equity_transaction_admin,equity.transaction.admin,equity.transaction,base.group_system,crud,
access_equity_transaction_manager,equity.transaction.manager,equity.transaction,equity.group_equity_manager,cru,
access_equity_transaction_viewer,equity.transaction.viewer,equity.transaction,equity.group_equity_viewer,r,
access_equity_transaction_portal,equity.transaction.portal,equity.transaction,base.group_portal,r,
access_equity_transaction_internal,equity.transaction.internal,equity.transaction,base.group_user,r,
access_equity_security_class_admin,equity.security.class.admin,equity.security.class,base.group_system,crud,
access_equity_security_class_manager,equity.security.class.manager,equity.security.class,equity.group_equity_manager,cru,
access_equity_security_class_viewer,equity.security.class.viewer,equity.security.class,equity.group_equity_viewer,r,
access_equity_valuation_admin,equity.valuation.admin,equity.valuation,base.group_system,crud,
access_equity_valuation_manager,equity.valuation.manager,equity.valuation,equity.group_equity_manager,cru,
access_equity_valuation_viewer,equity.valuation.viewer,equity.valuation,equity.group_equity_viewer,r,
access_equity_ubo_manager,equity.ubo.manager,equity.ubo,equity.group_equity_manager,crud,
access_equity_ubo_viewer,equity.ubo.viewer,equity.ubo,equity.group_equity_viewer,r,
access_equity_cap_table_viewer,equity.cap.table.viewer,equity.cap.table,equity.group_equity_viewer,r,
own_transaction_rule_base_group_portal,Own transaction (base.group_portal),equity.transaction,base.group_portal,crud,"['|', ('seller_id', '=', user.partner_id.id), ('subscriber_id', '=', user.partner_id.id)]"
own_transaction_rule_base_group_user,Own transaction (base.group_user),equity.transaction,base.group_user,crud,"['|', ('seller_id', '=', user.partner_id.id), ('subscriber_id', '=', user.partner_id.id)]"
all_transaction_rule_equity_group_equity_viewer,All transaction (equity.group_equity_viewer),equity.transaction,equity.group_equity_viewer,crud,
cap_table_company_rule,Company cap table,equity.cap.table,,crud,"['|', ('company_id', 'parent_of', company_ids), ('company_id', '=', False)]"
transaction_company_rule,Company transaction,equity.transaction,,crud,"['|', ('company_id', 'parent_of', company_ids), ('company_id', '=', False)]"
ubo_company_rule,Company UBO,equity.ubo,,crud,"['|', ('company_id', 'parent_of', company_ids), ('company_id', '=', False)]"
valuation_company_rule,Company valuation,equity.valuation,,crud,"['|', ('company_id', 'parent_of', company_ids), ('company_id', '=', False)]"
